Wed Jun 14 2017 GET /
Wed Jun 14 2017 GET /
Sun Jun 18 2017 GET /
Sun Jun 18 2017 GET /
Sun Jun 18 2017 GET /about
Sun Jun 18 2017 GET /
Sun Jun 18 2017 GET /
Sun Jun 18 2017 GET /favicon.ico
Sun Jun 18 2017 GET /
Sun Jun 18 2017 GET /about
Sun Jun 18 2017 GET /
Sun Jun 18 2017 GET /about
Sun Jun 18 2017 GET /about
Sun Jun 18 2017 GET /
Tue Jun 20 2017 GET /
Tue Jun 20 2017 GET /
Tue Jun 20 2017 GET /
Tue Jun 20 2017 GET /
Tue Jun 20 2017 GET /
Tue Jun 20 2017 GET /
Tue Jun 20 2017 GET /
Tue Jun 20 2017 GET /about
Tue Jun 20 2017 GET /about
Tue Jun 20 2017 GET /
Tue Jun 20 2017 GET /
Tue Jun 20 2017 GET /
Tue Jun 20 2017 GET /about
Tue Jun 20 2017 GET /about
Tue Jun 20 2017 GET /about
Tue Jun 20 2017 GET /
Tue Jun 20 2017 GET /about
Tue Jun 20 2017 GET /about
Tue Jun 20 2017 GET /about
Tue Jun 20 2017 GET /
Tue Jun 20 2017 GET /about
Tue Jun 20 2017 GET /
Tue Jun 20 2017 GET /
Tue Jun 20 2017 GET /
Tue Jun 20 2017 GET /about
Tue Jun 20 2017 22:41:35 GMT+0200 (SAST): GET /about
Tue Jun 20 2017 GET /about
Tue Jun 20 2017 GET /
Tue Jun 20 2017 GET /about
